Date,Name,Year,Letterboxd URI
2016-07-01,Birdman or (The Unexpected Virtue of Ignorance),2014,https://boxd.it/5RFA
2016-07-01,Moonrise Kingdom,2012,https://boxd.it/2Wng
2016-07-01,Apocalypse Now,1979,https://boxd.it/6ZS
2016-07-01,Amistad,1997,https://boxd.it/1SZ4
2016-07-02,V for Vendetta,2005,https://boxd.it/29Ik
2016-07-02,Stand by Me,1986,https://boxd.it/2aOe
2016-07-03,Fahrenheit 9/11,2004,https://boxd.it/28a2
2016-07-03,Mr. Nobody,2009,https://boxd.it/1k44
2016-07-03,Empire of the Sun,1987,https://boxd.it/1X4i
2016-07-10,Metropolis,1927,https://boxd.it/71a
2016-08-01,Moon,2009,https://boxd.it/1IGQ
2016-09-07,Entranced Earth,1967,https://boxd.it/qkU
2016-10-11,Requiem for a Dream,2000,https://boxd.it/29VI
2016-12-10,Vicky Cristina Barcelona,2008,https://boxd.it/23rW
2017-01-26,Alexander's Ragtime Band,1938,https://boxd.it/Tso
2017-04-22,8½,1963,https://boxd.it/2aqm
2017-08-30,The Usual Suspects,1995,https://boxd.it/29XE
2017-08-30,Chinatown,1974,https://boxd.it/29vU
2017-08-30,Donnie Darko,2001,https://boxd.it/2b2A
2017-08-30,The Third Man,1949,https://boxd.it/294E
2017-11-13,The Blues Brothers,1980,https://boxd.it/2adi
2017-11-18,Manifesto,2015,https://boxd.it/diI6
2018-01-28,Spotlight,2015,https://boxd.it/a84k
2018-03-07,"Three Billboards Outside Ebbing, Missouri",2017,https://boxd.it/ceBS
2018-05-01,The Salt of the Earth,2014,https://boxd.it/7Uyc
2018-05-20,Papillon,1973,https://boxd.it/22kK
2018-06-16,The Bridges of Madison County,1995,https://boxd.it/29Os
2018-08-19,Nine Queens,2000,https://boxd.it/1HBA
2018-09-08,"They Shoot Horses, Don't They?",1969,https://boxd.it/1q9u
2018-09-08,Who's Afraid of Virginia Woolf?,1966,https://boxd.it/2atK
2018-10-26,Dogville,2003,https://boxd.it/2a8W
2019-03-15,Magnolia,1999,https://boxd.it/2aze
2019-05-14,Fantastic Mr. Fox,2009,https://boxd.it/1WyQ
2019-07-08,The Handmaiden,2016,https://boxd.it/948A
2019-08-25,Juno,2007,https://boxd.it/210a
2019-08-25,Pixote,1980,https://boxd.it/XCs
2019-08-25,Madame Satã,2002,https://boxd.it/LO2
2019-11-24,Argo,2012,https://boxd.it/2czU
2019-11-24,Doctor Sleep,2019,https://boxd.it/i5vI
2020-02-21,Carandiru,2003,https://boxd.it/209g
2020-02-21,Lower City,2005,https://boxd.it/208M
2020-02-21,O Beijo no Asfalto,2018,https://boxd.it/hkyg
2020-03-23,The Motorcycle Diaries,2004,https://boxd.it/28nU
2020-03-23,"Paris, Je T'Aime",2006,https://boxd.it/273a
2020-03-23,A Dog's Will,2000,https://boxd.it/12u4
2020-03-23,Time and the Wind,2013,https://boxd.it/6CmK
2020-03-23,Hour of the Star,1985,https://boxd.it/XUQ
2020-05-24,Dancer in the Dark,2000,https://boxd.it/71E
2020-05-24,Melancholia,2011,https://boxd.it/bPI
2020-05-29,Seven Samurai,1954,https://boxd.it/2axi
2020-06-06,25th Hour,2002,https://boxd.it/28LC
2020-06-12,Biutiful,2010,https://boxd.it/OiI
2020-06-13,Barry Lyndon,1975,https://boxd.it/25A2
2020-06-16,Soul Kitchen,2009,https://boxd.it/1jGm
2020-09-08,Much Ado About Nothing,1993,https://boxd.it/1SDM
2020-09-10,Before Midnight,2013,https://boxd.it/4ive
2020-10-09,Mud,2012,https://boxd.it/3wPA
2020-10-13,The Pelican Brief,1993,https://boxd.it/1Xt8
2020-10-13,Gangs of New York,2002,https://boxd.it/25FG
2020-10-13,Three Colors: Red,1994,https://boxd.it/2b7q
2020-10-22,Adaptation.,2002,https://boxd.it/26mA
2020-11-03,Being John Malkovich,1999,https://boxd.it/2ahu
2020-11-04,Love Me Forever or Never,1986,https://boxd.it/2AvM
2020-11-26,Cal,1984,https://boxd.it/XMM
2020-11-26,Paris Is Burning,1990,https://boxd.it/1jzg
2020-12-04,The Nest,2020,https://boxd.it/jTqq
2020-12-04,The Departed,2006,https://boxd.it/28MA
2020-12-09,Dazed and Confused,1993,https://boxd.it/1Ylk
2020-12-11,Mrs. America,2020,https://boxd.it/oO4u
2020-12-22,Ma Rainey's Black Bottom,2020,https://boxd.it/mLcm
2021-01-02,Still Alice,2014,https://boxd.it/8Nhq
2021-01-04,Love Actually,2003,https://boxd.it/2aeU
2021-01-04,Oldboy,2003,https://boxd.it/29R2
2021-01-09,The Last of the Mohicans,1992,https://boxd.it/1YSo
2021-01-19,Double Indemnity,1944,https://boxd.it/297I
2021-01-21,The 355,2022,https://boxd.it/iWI6
2021-01-23,Clue,1985,https://boxd.it/1MDQ
2021-01-24,Frankenstein,1931,https://boxd.it/25Te
2021-02-07,All the Women in the World,1966,https://boxd.it/7njS
2021-02-16,Blue Valentine,2010,https://boxd.it/MxG
2021-03-07,Red Dragon,2002,https://boxd.it/1Yrs
2021-03-07,Burn After Reading,2008,https://boxd.it/23BW
2021-04-26,Judas and the Black Messiah,2021,https://boxd.it/lsew
2021-05-01,13th,2016,https://boxd.it/elNg
2021-05-04,Come and See,1985,https://boxd.it/1w9q
2021-05-23,Klute,1971,https://boxd.it/2ako
2021-05-27,Philadelphia,1993,https://boxd.it/1XMk
2021-06-04,Bo Burnham: Inside,2021,https://boxd.it/v2uy
2021-06-04,Mare of Easttown,2021,https://boxd.it/u2h8
2021-06-05,One Day,2011,https://boxd.it/Asu
2021-06-05,Get Smart,2008,https://boxd.it/1Tig
2021-06-05,Snowpiercer,2013,https://boxd.it/3Icg
2021-06-05,Bad Blood,,https://boxd.it/ebDg
2021-06-05,Halston,2021,https://boxd.it/uYHS
2021-06-05,Basic Instinct,1992,https://boxd.it/2asM
2021-06-05,House of Gucci,2021,https://boxd.it/nVkC
2021-06-05,The Report,2019,https://boxd.it/j2X2
2021-06-05,Suspiria,1977,https://boxd.it/1SNW
2021-06-05,Suspiria,2018,https://boxd.it/cioI
2021-06-05,Under the Tuscan Sun,2003,https://boxd.it/1V2u
2021-06-05,The Secret Life of Walter Mitty,2013,https://boxd.it/3SWy
2021-06-15,Difret,2014,https://boxd.it/7dC6
2021-06-20,The Graduate,1967,https://boxd.it/18Im
2021-06-27,Sabrina,1954,https://boxd.it/21tc
2021-06-27,Three Christs,2017,https://boxd.it/eMnk
2021-06-27,The Wizard of Oz,1939,https://boxd.it/29Xu
2021-06-27,The Young Girls of Rochefort,1967,https://boxd.it/26K8
2021-06-27,Maps to the Stars,2014,https://boxd.it/4WCu
2021-06-27,The Phantom of Liberty,1974,https://boxd.it/22VG
2021-06-27,Antes Que Eu Me Esqueça,2017,https://boxd.it/hhiY
2021-06-27,Tout Va Bien,1972,https://boxd.it/20AQ
2021-06-27,Philomena,2013,https://boxd.it/69OA
2021-06-27,O Juízo,2019,https://boxd.it/ithK
2021-06-27,Pina,2011,https://boxd.it/n5W
2021-06-27,Heroic Losers,2019,https://boxd.it/lXFS
2021-06-27,Spartacus,1960,https://boxd.it/29bq
2021-06-27,Three Colors: White,1994,https://boxd.it/2b7A
2021-06-27,Three Colors: Blue,1993,https://boxd.it/2b7K
2021-06-27,Les Misérables,2012,https://boxd.it/2TT4
2021-06-27,Wonder Wheel,2017,https://boxd.it/fcGC
2021-06-27,Samba,2014,https://boxd.it/84xI
2021-06-27,Booksmart,2019,https://boxd.it/igNS
2021-06-27,Beginners,2010,https://boxd.it/s2S
2021-06-27,Cold War,2018,https://boxd.it/fEoc
2021-06-27,Varda by Agnès,2019,https://boxd.it/kihS
2021-06-27,Raging Bull,1980,https://boxd.it/28yI
2021-06-27,Behind the Sun,2001,https://boxd.it/1blU
2021-06-27,The Pianist,2002,https://boxd.it/2aqc
2021-06-30,Blue Velvet,1986,https://boxd.it/29BI
2021-07-02,Schindler's List,1993,https://boxd.it/2aq2
2021-07-03,Doubt,2008,https://boxd.it/1OfQ
2021-07-15,The Dreamers,2003,https://boxd.it/28X4
2021-07-16,Leto,2018,https://boxd.it/i9Tu
2021-07-18,Moonstruck,1987,https://boxd.it/27zg
2021-07-19,Phantom Thread,2017,https://boxd.it/e4uc
2021-08-03,Love in the Afternoon,1957,https://boxd.it/1HcK
2021-08-23,At Midnight I'll Take Your Soul,1964,https://boxd.it/1kje
2021-08-24,Hedwig and the Angry Inch,2001,https://boxd.it/1Qfe
2021-08-25,Paterson,2016,https://boxd.it/cRk2
2021-08-25,Orlando,1992,https://boxd.it/1Z1K
2021-08-25,The Notebook,2004,https://boxd.it/1UNE
2021-08-26,The Lives of Others,2006,https://boxd.it/2a4A
2021-08-28,Four Days in September,1997,https://boxd.it/1Cd4
2021-08-28,Foreign Land,1995,https://boxd.it/lOg
2021-08-29,Air Conditioner,2020,https://boxd.it/oDrs
2021-09-01,"Life, and Nothing More...",1992,https://boxd.it/2WEc
2021-09-01,Where Is My Friend's House?,1987,https://boxd.it/ELg
2021-09-03,Death Proof,2007,https://boxd.it/27GG
2021-09-06,La Vie en Rose,2007,https://boxd.it/28OQ
2021-09-06,The Immigrant,2013,https://boxd.it/4O2e
2021-09-08,Fear and Loathing in Las Vegas,1998,https://boxd.it/27Xs
2021-09-12,Atonement,2007,https://boxd.it/24ui
2021-09-15,M,1931,https://boxd.it/29vq
2021-10-01,Hot Fuzz,2007,https://boxd.it/2416
2021-10-03,The Others,2001,https://boxd.it/27Po
2021-10-03,To Die For,1995,https://boxd.it/2a5o
2021-10-04,Blue Collar,1978,https://boxd.it/1Nhm
2021-10-05,Fanny and Alexander,1982,https://boxd.it/22go
2021-10-05,The Young and the Damned,1950,https://boxd.it/29AA
2021-10-05,Ace in the Hole,1951,https://boxd.it/1vXk
2021-10-07,Dangerous Liaisons,1988,https://boxd.it/29r4
2021-10-09,FEUD,2017,https://boxd.it/qIsE
2021-10-09,Anywhere but Here,1999,https://boxd.it/1C3o
2021-10-12,Heat,1995,https://boxd.it/2bg8
2021-10-26,Titane,2021,https://boxd.it/nlQC
2021-10-27,Seven Psychopaths,2012,https://boxd.it/34PW
2021-10-29,Marina Abramović: The Artist Is Present,2012,https://boxd.it/2Y7k
2021-10-29,Megalopolis,,https://boxd.it/lPBS
2021-11-01,To Catch a Thief,1955,https://boxd.it/2avm
2021-11-01,Children of Men,2006,https://boxd.it/1Y2i
2021-11-01,F for Fake,1973,https://boxd.it/VxA
2021-11-01,Amadeus,1984,https://boxd.it/2aH8
2021-11-02,Contact,1997,https://boxd.it/29OM
2021-11-06,Muriel's Wedding,1994,https://boxd.it/2aO4
2021-11-11,In Silico,2020,https://boxd.it/sz30
2021-11-15,Primer,2004,https://boxd.it/6YA
2021-11-18,Marie Antoinette,2006,https://boxd.it/27Wa
2021-11-20,The Girl with the Dragon Tattoo,2009,https://boxd.it/1Mb8
2021-11-26,Zero Dark Thirty,2012,https://boxd.it/3n1w
2021-12-02,Solaris,1972,https://boxd.it/2a2Y
2021-12-02,Stalker,1979,https://boxd.it/28PO
2021-12-06,White Christmas,1954,https://boxd.it/1Qky
2021-12-08,Notes on a Scandal,2006,https://boxd.it/28Zu
2021-12-27,Babenco: Tell Me When I Die,2019,https://boxd.it/mRXy
2022-01-12,Superbad,2007,https://boxd.it/20hO
2022-01-14,The Red Balloon,1956,https://boxd.it/1Mxo
2022-01-14,The Lost City,2022,https://boxd.it/sg0Q
2022-01-14,Submarine,2010,https://boxd.it/H4a
2022-01-14,Shiva Baby,2020,https://boxd.it/oIv0
2022-01-14,Napoleon Dynamite,2004,https://boxd.it/20wu
2022-01-15,Rope,1948,https://boxd.it/28yo
2022-01-27,Touch of Evil,1958,https://boxd.it/28II
2022-02-01,The Piano,1993,https://boxd.it/29Kq
2022-02-06,Rushmore,1998,https://boxd.it/1TAO
2022-02-06,Bergman Island,2021,https://boxd.it/h86E
2022-03-02,Eastern Promises,2007,https://boxd.it/275q
2022-03-02,A Dangerous Method,2011,https://boxd.it/IYo
2022-03-03,Good Time,2017,https://boxd.it/fcFu
2022-03-13,Wings,1927,https://boxd.it/1osO
2022-04-03,Drive My Car,2021,https://boxd.it/sv94
2022-04-04,Amour,2012,https://boxd.it/34Q6
2022-04-09,Blue,1993,https://boxd.it/3iyA
2022-04-13,King of New York,1990,https://boxd.it/1Ynq
2022-05-11,The Player,1992,https://boxd.it/1WlM
2022-05-11,Children of a Lesser God,1986,https://boxd.it/27VG
2022-05-12,Z,1969,https://boxd.it/26pY
2022-05-23,Brother and Sister,2022,https://boxd.it/vx7K
2022-05-27,Total Recall,1990,https://boxd.it/29qK
2022-05-27,Moonage Daydream,2022,https://boxd.it/A8Co
2022-05-27,Elvis,2022,https://boxd.it/mK4w
2022-05-30,Kedi,2016,https://boxd.it/dHxM
2022-06-02,True Lies,1994,https://boxd.it/19pq
2022-06-03,200 Cigarettes from Now,2021,https://boxd.it/ruo6
2022-06-03,Hiroshima Mon Amour,1959,https://boxd.it/22WY
2022-06-07,Hard Labor,2011,https://boxd.it/3km2
2022-06-07,Necropolis Symphony,2014,https://boxd.it/8Yos
2022-06-09,The VelociPastor,2018,https://boxd.it/glzW
2022-06-16,Lumière and Company,1995,https://boxd.it/IHM
2022-06-20,The Umbrellas of Cherbourg,1964,https://boxd.it/22fK
2022-06-20,Wild at Heart,1990,https://boxd.it/2aii
2022-06-24,Murder on the Orient Express,1974,https://boxd.it/24IY
2022-06-24,Joan of Arc,1948,https://boxd.it/UsY
2022-06-27,Deep Water,1981,https://boxd.it/2Ftm
2022-06-27,La Cérémonie,1995,https://boxd.it/287C
2022-06-28,Welcome,2009,https://boxd.it/1LG0
2022-06-28,Copacabana,2010,https://boxd.it/ZMu
2022-06-28,The Disappearance of Eleanor Rigby: Her,2013,https://boxd.it/8m8Q
2022-06-28,The Spanish Apartment,2002,https://boxd.it/28Cq
2022-06-28,Red Rocket,2021,https://boxd.it/sGpi
2022-06-28,The Red Shoes,1948,https://boxd.it/1EXI
2022-06-28,Eraserhead,1977,https://boxd.it/299u
2022-07-03,Tell No One,2006,https://boxd.it/1Vns
2022-07-03,Aloïse,1975,https://boxd.it/5hA
2022-07-03,Elle,2016,https://boxd.it/bdhq
2022-07-03,Belle de Jour,1967,https://boxd.it/29Uq
2022-07-03,Memoria,2021,https://boxd.it/iwtE
2022-07-03,Uncle Boonmee Who Can Recall His Past Lives,2010,https://boxd.it/168Q
2022-07-04,Ali: Fear Eats the Soul,1974,https://boxd.it/2aRi
2022-07-04,Irreversible,2002,https://boxd.it/29as
2022-07-04,Wanda,1970,https://boxd.it/2OjK
2022-07-05,Vortex,2021,https://boxd.it/uoni
2022-07-05,Amanda,2018,https://boxd.it/hseo
